segment,month,customers_start,churned,new_customers,mrr,customers_start_plan,churned_plan,new_customers_plan,mrr_plan
SMB,2026-05,930,29,52,89392,904,23,54,91523
SMB,2026-06,938,21,49,84737,951,26,42,80896
SMB,2026-07,893,27,50,79634,923,21,50,74878
SMB,2026-08,873,26,42,77734,915,28,45,83474
Mid-Market,2026-05,237,7,13,228904,247,6,12,216670
Mid-Market,2026-06,236,5,11,220046,229,6,11,213355
Mid-Market,2026-07,249,6,12,229069,256,5,15,211582
Mid-Market,2026-08,247,7,11,232400,247,6,11,215546
Enterprise,2026-05,44,1,3,360251,44,1,3,376137
Enterprise,2026-06,44,1,3,357409,43,1,2,348302
Enterprise,2026-07,46,1,3,375271,47,1,3,355906
Enterprise,2026-08,44,1,3,362137,43,1,3,364080
