region,month,sessions,orders,revenue,returns,sessions_ly,orders_ly,revenue_ly,returns_ly,sessions_budget,orders_budget,revenue_budget,returns_budget
North,2026-05,579536,15673,32588017,1078,528357,14875,29673452,963,578046,16310,34568495,968
North,2026-06,623465,17741,38675269,1246,541900,14373,31421978,876,628317,17233,35802455,1197
North,2026-07,573302,16051,34526556,1132,515960,14774,31644057,973,625906,18740,41682172,1405
North,2026-08,561702,14439,30345802,906,518993,13155,28605486,797,610928,16468,32881444,943
South,2026-05,457483,11942,26835355,751,394736,10063,23662392,682,457607,11521,24856445,629
South,2026-06,514362,12593,27694710,821,448607,11340,24018760,771,514422,12455,26604723,756
South,2026-07,528025,14114,30252406,1002,461475,12152,26970037,899,527198,15057,31348194,991
South,2026-08,512451,12825,27467594,773,442302,11197,23364592,695,526112,13080,29299941,785
East,2026-05,341146,10832,17192532,571,314382,10597,16309218,634,368352,11865,18684195,551
East,2026-06,296585,9600,15219769,561,260440,8812,14105248,483,298437,9958,15106552,535
East,2026-07,323262,10311,16977966,554,303078,9267,14521273,463,334367,10009,15947140,516
East,2026-08,323918,9339,14994109,566,305534,9002,14729417,559,324759,8754,13377277,595
West,2026-05,515637,16795,24981682,1394,444362,14567,22181184,1354,548977,18391,28157899,1716
West,2026-06,504848,16342,25748509,1324,450599,15180,24787000,1257,531603,16925,26887567,1417
West,2026-07,482374,15518,24667628,1260,444044,14061,22876908,1169,498685,16802,25597029,1466
West,2026-08,478203,15303,23138084,1092,438919,14040,21471505,1129,485188,14464,21434387,1088
