property,week,rooms_available,rooms_sold,room_revenue,rooms_available_ly,rooms_sold_ly,room_revenue_ly,rooms_available_budget,rooms_sold_budget,room_revenue_budget,rooms_available_fcst,rooms_sold_fcst,room_revenue_fcst
Harbor View,2026-W29,1540,1102,142214.67,1540,1061,128974.95,1540,1064,140202.73,1540,1030,131688.16
Harbor View,2026-W30,1540,959,124255.0,1540,901,117198.76,1540,931,118272.3,1540,978,134659.29
Harbor View,2026-W31,1540,1084,149811.85,1540,1111,138044.78,1540,1170,160073.24,1540,1029,134601.13
Harbor View,2026-W32,1540,1017,152591.86,1540,922,134321.6,1540,1070,160829.55,1540,1025,144378.64
Parkside Suites,2026-W29,980,649,95194.59,980,601,85641.57,980,664,96557.83,980,678,102218.83
Parkside Suites,2026-W30,980,580,87608.76,980,553,84400.68,980,622,92986.77,980,627,89643.97
Parkside Suites,2026-W31,980,608,95145.0,980,544,81598.27,980,582,95085.59,980,634,100228.03
Parkside Suites,2026-W32,980,679,97293.96,980,669,93242.45,980,707,102698.65,980,713,108526.19
Cedar Lodge,2026-W29,630,412,91284.42,630,402,91408.8,630,445,97535.16,630,405,91852.2
Cedar Lodge,2026-W30,630,408,86230.67,630,368,70663.04,630,393,87903.15,630,385,78494.52
Cedar Lodge,2026-W31,630,445,101817.11,630,400,87235.14,630,461,113362.13,630,465,111814.72
Cedar Lodge,2026-W32,630,434,90867.99,630,406,85994.63,630,475,96483.8,630,414,83427.75
Riverside Inn,2026-W29,1120,768,137455.91,1120,679,115341.84,1120,776,142981.25,1120,819,150493.1
Riverside Inn,2026-W30,1120,755,145196.92,1120,741,128262.14,1120,822,167563.64,1120,797,159665.97
Riverside Inn,2026-W31,1120,733,134944.21,1120,655,117937.52,1120,706,124542.9,1120,700,122776.35
Riverside Inn,2026-W32,1120,723,123691.59,1120,634,99042.99,1120,701,119990.59,1120,670,120631.36
